{
  "success":true,
  "terms":"https:\/\/currencylayer.com\/terms",
  "privacy":"https:\/\/currencylayer.com\/privacy",
  "timestamp":1606063265,
  "source":"USD",
  "quotes":{
    "USDAED":3.673042,
    "USDAFN":77.050404,
    "USDALL":104.050403,
    "USDAMD":503.220403,
    "USDANG":1.795142,
    "USDAOA":654.380403,
    "USDARS":80.343858,
    "USDAUD":1.369338,
    "USDAWG":1.8,
    "USDAZN":1.70397,
    "USDBAM":1.647341,
    "USDBBD":1.999502,
    "USDBDT":84.742898,
    "USDBGN":1.647448,
    "USDBHD":0.377056,
    "USDBIF":1940,
    "USDBMD":1,
    "USDBND":1.343081,
    "USDBOB":6.885686,
    "USDBRL":5.380104,
    "USDBSD":1.000118,
    "USDBTC":5.421805e-5,
    "USDBTN":74.113892,
    "USDBWP":11.07538,
    "USDBYN":2.550147,
    "USDBYR":19600,
    "USDBZD":2.015911,
    "USDCAD":1.30947,
    "USDCDF":1965.000362,
    "USDCHF":0.909991,
    "USDCLF":0.027695,
    "USDCLP":764.203912,
    "USDCNY":6.563041,
    "USDCOP":3632.95,
    "USDCRC":606.39624,
    "USDCUC":1,
    "USDCUP":26.5,
    "USDCVE":93.37504,
    "USDCZK":22.230704,
    "USDDJF":177.720394,
    "USDDKK":6.28179,
    "USDDOP":58.390393,
    "USDDZD":128.549979,
    "USDEGP":15.597998,
    "USDERN":15.000358,
    "USDETB":37.903876,
    "USDEUR":0.843409,
    "USDFJD":2.095504,
    "USDFKP":0.753116,
    "USDGBP":0.75268,
    "USDGEL":3.31504,
    "USDGGP":0.753116,
    "USDGHS":5.83039,
    "USDGIP":0.753116,
    "USDGMD":51.76039,
    "USDGNF":9790.000355,
    "USDGTQ":7.785859,
    "USDGYD":208.985395,
    "USDHKD":7.75215,
    "USDHNL":24.320389,
    "USDHRK":6.376904,
    "USDHTG":64.251301,
    "USDHUF":303.846504,
    "USDIDR":14182.595571,
    "USDILS":3.34016,
    "USDIMP":0.753116,
    "USDINR":74.16265,
    "USDIQD":1190,
    "USDIRR":42105.000352,
    "USDISK":135.870386,
    "USDJEP":0.753116,
    "USDJMD":147.389788,
    "USDJOD":0.70904,
    "USDJPY":103.86204,
    "USDKES":109.498102,
    "USDKGS":84.796904,
    "USDKHR":4055.000351,
    "USDKMF":415.450384,
    "USDKPW":900,
    "USDKRW":1115.130384,
    "USDKWD":0.30575,
    "USDKYD":0.833432,
    "USDKZT":427.98905,
    "USDLAK":9285.000349,
    "USDLBP":1519.899123,
    "USDLKR":185.167148,
    "USDLRD":156.000348,
    "USDLSL":15.320382,
    "USDLTL":2.95274,
    "USDLVL":0.60489,
    "USDLYD":1.355039,
    "USDMAD":9.115039,
    "USDMDL":17.181674,
    "USDMGA":3927.503758,
    "USDMKD":51.956531,
    "USDMMK":1307.621181,
    "USDMNT":2855.40422,
    "USDMOP":7.986607,
    "USDMRO":357.000515,
    "USDMUR":39.848165,
    "USDMVR":15.410378,
    "USDMWK":765.000345,
    "USDMXN":20.10722,
    "USDMYR":4.092504,
    "USDMZN":73.870377,
    "USDNAD":15.330377,
    "USDNGN":381.000344,
    "USDNIO":34.870377,
    "USDNOK":9.021555,
    "USDNPR":118.582125,
    "USDNZD":1.44296,
    "USDOMR":0.384994,
    "USDPAB":1.000118,
    "USDPEN":3.59225,
    "USDPGK":3.530375,
    "USDPHP":48.240405,
    "USDPKR":160.750375,
    "USDPLN":3.770365,
    "USDPYG":7038.475144,
    "USDQAR":3.641038,
    "USDRON":4.106304,
    "USDRSD":99.160373,
    "USDRUB":76.213904,
    "USDRWF":988.5,
    "USDSAR":3.750484,
    "USDSBD":8.067292,
    "USDSCR":20.790384,
    "USDSDG":55.350372,
    "USDSEK":8.622115,
    "USDSGD":1.343504,
    "USDSHP":0.753116,
    "USDSLL":9823.562006,
    "USDSOS":583.000338,
    "USDSRD":14.154038,
    "USDSTD":21031.906016,
    "USDSVC":8.751279,
    "USDSYP":512.947167,
    "USDSZL":15.32037,
    "USDTHB":30.284504,
    "USDTJS":11.328701,
    "USDTMT":3.51,
    "USDTND":2.746504,
    "USDTOP":2.297604,
    "USDTRY":7.635904,
    "USDTTD":6.788319,
    "USDTWD":28.541304,
    "USDTZS":2319.000336,
    "USDUAH":28.364013,
    "USDUGX":3705.322738,
    "USDUSD":1,
    "USDUYU":42.689049,
    "USDUZS":10382.503624,
    "USDVEF":9.987504,
    "USDVND":23177,
    "USDVUV":111.182624,
    "USDWST":2.590687,
    "USDXAF":552.547698,
    "USDXAG":0.041377,
    "USDXAU":0.000534,
    "USDXCD":2.70255,
    "USDXDR":0.702776,
    "USDXOF":553.503602,
    "USDXPF":101.130364,
    "USDYER":250.403597,
    "USDZAR":15.40933,
    "USDZMK":9001.203593,
    "USDZMW":20.989678,
    "USDZWL":321.999941
  }
}
